{"cameraMode":{"drawMode":0,"name":"Shaded","section":"Shading Mode"},"sceneLighting":true,"audioPlay":false,"sceneViewState":{"m_AlwaysRefresh":false,"showFog":true,"showSkybox":true,"showFlares":true,"showImageEffects":true,"showParticleSystems":true,"showVisualEffectGraphs":true,"m_FxEnabled":true},"in2DMode":false,"pivot":{"x":54.74915313720703,"y":-3.904787063598633,"z":66.76021575927735},"rotation":{"x":-0.033645760267972949,"y":-0.37522298097610476,"z":0.013629785738885403,"w":-0.9262261986732483},"size":37.96643829345703,"orthographic":false}